device_id,week,total_kwh
104,26,5.0
103,26,6.099999999999999
102,26,3.6999999999999997
101,26,2.3000000000000003
105,26,12.0
