device_id,total_kwh,avg_kwh,off_peak,peak
105,12.0,1.2,8.1,3.9
103,6.099999999999999,0.6099999999999999,4.3999999999999995,1.7000000000000002
104,5.0,0.5,3.2,1.8000000000000003
102,3.6999999999999997,0.37,3.1,0.6
101,2.3000000000000003,0.23000000000000004,1.9000000000000001,0.4
