,ExpenseID,UserID,Amount,avg_amount,stddev_amount
0,247,1,5000.0,1195.0,1383.993078777948
1,232,1,4000.0,1195.0,1383.993078777948
2,206,2,5000.0,1424.0,1242.6975266963168
